{
  "ap_biology_2025": {
    "tau": [
      0.078005,
      0.294931,
      0.570349,
      0.813045
    ],
    "sigma": 0.0424
  },
  "ap_biology": {
    "tau": [
      0.078,
      0.2949,
      0.5704,
      0.813
    ],
    "sigma": 0.0424
  },
  "ap_calculus_ab_2025": {
    "tau": [
      0.121703,
      0.357162,
      0.508031,
      0.800221
    ],
    "sigma": 0.057998
  },
  "ap_calculus_ab": {
    "tau": [
      0.1217,
      0.3572,
      0.508,
      0.8002
    ],
    "sigma": 0.058
  },
  "ap_calculus_bc_2025": {
    "tau": [
      0.051537,
      0.212215,
      0.340858,
      0.560744
    ],
    "sigma": 0.037989
  },
  "ap_calculus_bc": {
    "tau": [
      0.0514,
      0.212,
      0.3406,
      0.5605
    ],
    "sigma": 0.0379
  },
  "ap_chemistry_2025": {
    "tau": [
      0.054982,
      0.219582,
      0.535186,
      0.82273
    ],
    "sigma": 0.031791
  },
  "ap_chemistry": {
    "tau": [
      0.055,
      0.2196,
      0.5352,
      0.8227
    ],
    "sigma": 0.0318
  },
  "ap_computer_science_a_2025": {
    "tau": [
      0.200199,
      0.321403,
      0.527296,
      0.758404
    ],
    "sigma": 0.11518
  },
  "ap_computer_science_a": {
    "tau": [
      0.2002,
      0.3213,
      0.5272,
      0.7583
    ],
    "sigma": 0.1152
  },
  "ap_english_language_and_composition_2025": {
    "tau": [
      0.0925,
      0.256763,
      0.58643,
      0.868698
    ],
    "sigma": 0.036
  },
  "ap_english_language_and_composition": {
    "tau": [
      0.0925,
      0.2568,
      0.5864,
      0.8687
    ],
    "sigma": 0.036
  },
  "ap_english_literature_and_composition_2025": {
    "tau": [
      0.094092,
      0.257699,
      0.569338,
      0.840533
    ],
    "sigma": 0.041594
  },
  "ap_english_literature_and_composition": {
    "tau": [
      0.0941,
      0.2577,
      0.5693,
      0.8405
    ],
    "sigma": 0.0416
  },
  "ap_environmental_science_2025": {
    "tau": [
      0.155301,
      0.307008,
      0.596487,
      0.878012
    ],
    "sigma": 0.042098
  },
  "ap_environmental_science": {
    "tau": [
      0.1553,
      0.307,
      0.5965,
      0.878
    ],
    "sigma": 0.0421
  },
  "ap_human_geography_2025": {
    "tau": [
      0.092621,
      0.352271,
      0.57842,
      0.832463
    ],
    "sigma": 0.042711
  },
  "ap_human_geography": {
    "tau": [
      0.0926,
      0.3523,
      0.5784,
      0.8325
    ],
    "sigma": 0.0427
  },
  "ap_microeconomics_2025": {
    "tau": [
      0.109198,
      0.31702,
      0.544195,
      0.785818
    ],
    "sigma": 0.045899
  },
  "ap_microeconomics": {
    "tau": [
      0.1092,
      0.317,
      0.5442,
      0.7858
    ],
    "sigma": 0.0459
  },
  "ap_music_theory_2025": {
    "tau": [
      0.14182,
      0.393825,
      0.632336,
      0.814987
    ],
    "sigma": 0.053781
  },
  "ap_music_theory": {
    "tau": [
      0.1419,
      0.3938,
      0.6323,
      0.815
    ],
    "sigma": 0.0538
  },
  "ap_physics_1_2025": {
    "tau": [
      0.184971,
      0.324297,
      0.555423,
      0.808571
    ],
    "sigma": 0.073399
  },
  "ap_physics_1": {
    "tau": [
      0.185,
      0.3243,
      0.5554,
      0.8086
    ],
    "sigma": 0.0734
  },
  "ap_physics_2_2025": {
    "tau": [
      0.059537,
      0.272776,
      0.493995,
      0.783798
    ],
    "sigma": 0.045423
  },
  "ap_physics_2": {
    "tau": [
      0.0595,
      0.2728,
      0.494,
      0.7838
    ],
    "sigma": 0.0454
  },
  "ap_psychology_2025": {
    "tau": [
      0.092474,
      0.29393,
      0.547224,
      0.858845
    ],
    "sigma": 0.039799
  },
  "ap_psychology": {
    "tau": [
      0.0925,
      0.2939,
      0.5472,
      0.8589
    ],
    "sigma": 0.0398
  },
  "ap_statistics_2025": {
    "tau": [
      0.23273,
      0.395505,
      0.616586,
      0.839524
    ],
    "sigma": 0.074897
  },
  "ap_statistics": {
    "tau": [
      0.2327,
      0.3955,
      0.6166,
      0.8395
    ],
    "sigma": 0.0749
  },
  "ap_us_government_and_politics_2025": {
    "tau": [
      0.094574,
      0.281911,
      0.515095,
      0.764388
    ],
    "sigma": 0.036293
  },
  "ap_us_government_and_politics": {
    "tau": [
      0.0946,
      0.2819,
      0.5151,
      0.7644
    ],
    "sigma": 0.0363
  },
  "ap_us_history_2025": {
    "tau": [
      0.074675,
      0.262532,
      0.496483,
      0.860406
    ],
    "sigma": 0.033332
  },
  "ap_us_history": {
    "tau": [
      0.0746,
      0.2624,
      0.4964,
      0.8605
    ],
    "sigma": 0.0333
  },
  "ap_world_history_modern_2025": {
    "tau": [
      0.089926,
      0.356272,
      0.527124,
      0.862807
    ],
    "sigma": 0.0143
  },
  "ap_world_history_modern": {
    "tau": [
      0.0899,
      0.3563,
      0.5271,
      0.8628
    ],
    "sigma": 0.0143
  }
}